areaCode,country,year,value
ALB,Albania,2000,4087
ALB,Albania,2001,4285
ALB,Albania,2002,4446
ALB,Albania,2003,4756
ALB,Albania,2004,4517
ALB,Albania,2005,4671
ALB,Albania,2006,4572
ALB,Albania,2007,4712
ALB,Albania,2008,5000
ALB,Albania,2009,5138
ALB,Albania,2010,5245
ALB,Albania,2011,6558
ALB,Albania,2012,9494
ALB,Albania,2013,8928
ALB,Albania,2014,9493
ALB,Albania,2015,8555
ALB,Albania,2016,7634
ALB,Albania,2017,7835
ALB,Albania,2018,7272
ALB,Albania,2019,7090
ALB,Albania,2020,6774
ALB,Albania,2021,5249
ALB,Albania,2022,4999
ALB,Albania,2023,4877
AUT,Austria,2000,13798
AUT,Austria,2001,11077
AUT,Austria,2002,11905
AUT,Austria,2003,12431
AUT,Austria,2004,12354
AUT,Austria,2005,12700
AUT,Austria,2006,15000
AUT,Austria,2007,13570
AUT,Austria,2008,13770
AUT,Austria,2009,14400
AUT,Austria,2010,15650
AUT,Austria,2011,16000
AUT,Austria,2012,15500
AUT,Austria,2013,16300
AUT,Austria,2014,16500
AUT,Austria,2015,16465
AUT,Austria,2016,16745
AUT,Austria,2017,16736
AUT,Austria,2020,16857
BLR,Belarus,2000,26400
BLR,Belarus,2001,26400
BLR,Belarus,2002,25300
BLR,Belarus,2003,24300
BLR,Belarus,2004,23000
BLR,Belarus,2005,23500
BLR,Belarus,2006,30000
BLR,Belarus,2007,35000
BLR,Belarus,2008,40000
BLR,Belarus,2009,45000
BLR,Belarus,2010,54000
BLR,Belarus,2011,64691
BLR,Belarus,2012,75000
BLR,Belarus,2013,80000
BLR,Belarus,2014,85800
BLR,Belarus,2015,90687
BLR,Belarus,2016,95441
BLR,Belarus,2017,100000
BLR,Belarus,2018,101376
BLR,Belarus,2019,102484
BLR,Belarus,2020,103729
BLR,Belarus,2021,105000
BLR,Belarus,2022,106411
BLR,Belarus,2023,119658
BEL,Belgium,2000,39729
BEL,Belgium,2001,38529
BEL,Belgium,2002,37928
BEL,Belgium,2003,32032
BEL,Belgium,2004,36506
BEL,Belgium,2005,35569
BEL,Belgium,2006,32867
BEL,Belgium,2007,32750
BEL,Belgium,2008,32493
BEL,Belgium,2009,33240
BEL,Belgium,2010,34375
BEL,Belgium,2011,35376
BEL,Belgium,2012,35618
BEL,Belgium,2013,36219
BEL,Belgium,2014,33700
BEL,Belgium,2015,37739
BEL,Belgium,2016,42553
BEL,Belgium,2017,40179
BEL,Belgium,2018,47469
BEL,Belgium,2019,49127
BEL,Belgium,2020,53362
BEL,Belgium,2021,53188
BEL,Belgium,2022,53283
BEL,Belgium,2023,48754
BIH,Bosnia and Herzegovina,2000,9400
BIH,Bosnia and Herzegovina,2001,9700
BIH,Bosnia and Herzegovina,2002,10800
BIH,Bosnia and Herzegovina,2003,9000
BIH,Bosnia and Herzegovina,2004,9100
BIH,Bosnia and Herzegovina,2005,10260
BIH,Bosnia and Herzegovina,2006,13230
BIH,Bosnia and Herzegovina,2007,14900
BIH,Bosnia and Herzegovina,2008,16050
BIH,Bosnia and Herzegovina,2009,18600
BIH,Bosnia and Herzegovina,2010,21030
BIH,Bosnia and Herzegovina,2011,18560
BIH,Bosnia and Herzegovina,2012,19235
BIH,Bosnia and Herzegovina,2013,24505
BIH,Bosnia and Herzegovina,2014,20664
BIH,Bosnia and Herzegovina,2015,15390
BIH,Bosnia and Herzegovina,2016,15066
BIH,Bosnia and Herzegovina,2017,16282
BIH,Bosnia and Herzegovina,2018,16229
BIH,Bosnia and Herzegovina,2019,16669
BIH,Bosnia and Herzegovina,2020,16658
BIH,Bosnia and Herzegovina,2021,8727
BIH,Bosnia and Herzegovina,2022,9299
BIH,Bosnia and Herzegovina,2023,9383
BGR,Bulgaria,2000,13300
BGR,Bulgaria,2001,13000
BGR,Bulgaria,2002,15700
BGR,Bulgaria,2003,18736
BGR,Bulgaria,2004,18736
BGR,Bulgaria,2005,17160
BGR,Bulgaria,2006,17205
BGR,Bulgaria,2007,17959
BGR,Bulgaria,2008,16426
BGR,Bulgaria,2009,15765
BGR,Bulgaria,2010,16002
BGR,Bulgaria,2011,14063
BGR,Bulgaria,2012,13150
BGR,Bulgaria,2013,13837
BGR,Bulgaria,2014,11665
BGR,Bulgaria,2015,12970
BGR,Bulgaria,2016,14258
BGR,Bulgaria,2017,17738
BGR,Bulgaria,2018,18830
BGR,Bulgaria,2019,20793
BGR,Bulgaria,2020,17177
HRV,Croatia,2000,7046
HRV,Croatia,2001,7481
HRV,Croatia,2002,7060
HRV,Croatia,2003,6852
HRV,Croatia,2004,7492
HRV,Croatia,2005,7267
HRV,Croatia,2006,7017
HRV,Croatia,2007,6816
HRV,Croatia,2008,6727
HRV,Croatia,2009,6707
HRV,Croatia,2010,5041
HRV,Croatia,2011,4222
HRV,Croatia,2012,4415
HRV,Croatia,2013,4125
HRV,Croatia,2014,9803
HRV,Croatia,2015,9599
HRV,Croatia,2016,9220
HRV,Croatia,2017,9840
HRV,Croatia,2018,10881
HRV,Croatia,2019,12162
HRV,Croatia,2020,11360
HRV,Croatia,2021,12096
HRV,Croatia,2022,10918
HRV,Croatia,2023,10343
CZE,Czechia,2000,29538
CZE,Czechia,2001,30742
CZE,Czechia,2002,28753
CZE,Czechia,2003,25638
CZE,Czechia,2004,24366
CZE,Czechia,2005,24104
CZE,Czechia,2006,24768
CZE,Czechia,2007,23599
CZE,Czechia,2008,26105
CZE,Czechia,2009,25487
CZE,Czechia,2010,24042
CZE,Czechia,2011,20577
CZE,Czechia,2012,20107
CZE,Czechia,2013,22534
CZE,Czechia,2014,20656
CZE,Czechia,2015,21483
CZE,Czechia,2016,20422
CZE,Czechia,2017,20587
CZE,Czechia,2018,22428
CZE,Czechia,2019,21844
CZE,Czechia,2020,21018
CZE,Czechia,2022,23464
CZE,Czechia,2023,21957
DNK,Denmark,2000,20982
DNK,Denmark,2001,20347
DNK,Denmark,2002,19734
DNK,Denmark,2003,17152
DNK,Denmark,2004,16136
DNK,Denmark,2005,17074
DNK,Denmark,2006,16826
DNK,Denmark,2007,15967
DNK,Denmark,2008,14710
DNK,Denmark,2009,19224
DNK,Denmark,2010,18084
DNK,Denmark,2011,18207
DNK,Denmark,2012,18174
DNK,Denmark,2013,18981
DNK,Denmark,2014,17902
DNK,Denmark,2015,16887
DNK,Denmark,2016,17898
DNK,Denmark,2017,20733
DNK,Denmark,2018,19351
DNK,Denmark,2019,22463
DNK,Denmark,2020,21250
DNK,Denmark,2021,21454
DNK,Denmark,2022,22412
DNK,Denmark,2023,20156
EST,Estonia,2000,2414
EST,Estonia,2001,2318
EST,Estonia,2002,2249
EST,Estonia,2003,2071
EST,Estonia,2004,1930
EST,Estonia,2005,2162
EST,Estonia,2006,1854
EST,Estonia,2007,1617
EST,Estonia,2008,1458
EST,Estonia,2009,1734
EST,Estonia,2010,1769
EST,Estonia,2011,2006
EST,Estonia,2012,1973
EST,Estonia,2013,2097
EST,Estonia,2014,2048
EST,Estonia,2015,2285
EST,Estonia,2016,2054
EST,Estonia,2017,2195
EST,Estonia,2018,2059
EST,Estonia,2019,2080
EST,Estonia,2020,2055
EST,Estonia,2021,2032
EST,Estonia,2022,2092
EST,Estonia,2023,2132
FIN,Finland,2000,11391
FIN,Finland,2001,9008
FIN,Finland,2002,9342
FIN,Finland,2003,9412
FIN,Finland,2004,8930
FIN,Finland,2005,9057
FIN,Finland,2006,8874
FIN,Finland,2007,8559
FIN,Finland,2008,9204
FIN,Finland,2009,8173
FIN,Finland,2010,8443
FIN,Finland,2011,9146
FIN,Finland,2012,9682
FIN,Finland,2013,10813
FIN,Finland,2014,11355
FIN,Finland,2015,11970
FIN,Finland,2016,12394
FIN,Finland,2017,12266
FIN,Finland,2018,13190
FIN,Finland,2019,13407
FIN,Finland,2020,12715
FIN,Finland,2021,12707
FIN,Finland,2022,13364
FIN,Finland,2023,18697
FRA,France,2000,214187
FRA,France,2001,216177
FRA,France,2002,210748
FRA,France,2003,205732
FRA,France,2004,197361
FRA,France,2005,191732
FRA,France,2006,182578
FRA,France,2007,191724
FRA,France,2008,192735
FRA,France,2009,196608
FRA,France,2010,231527
FRA,France,2011,232910
FRA,France,2012,241133
FRA,France,2013,251581
FRA,France,2014,243219
FRA,France,2015,247298
FRA,France,2016,243526
FRA,France,2017,244774
FRA,France,2018,239290
FRA,France,2019,237864
FRA,France,2020,242015
FRA,France,2021,239840
FRA,France,2022,231096
FRA,France,2023,220787
DEU,Germany,2000,107659
DEU,Germany,2001,108000
DEU,Germany,2002,109993
DEU,Germany,2003,109793
DEU,Germany,2004,110000
DEU,Germany,2005,107267
DEU,Germany,2006,107000
DEU,Germany,2007,114625
DEU,Germany,2008,114500
DEU,Germany,2009,114500
DEU,Germany,2010,114113
DEU,Germany,2011,118640
DEU,Germany,2012,121040
DEU,Germany,2013,160774
DEU,Germany,2014,121000
DEU,Germany,2015,140037
DEU,Germany,2016,158649
DEU,Germany,2017,160000
DEU,Germany,2020,159118
DEU,Germany,2023,156301
GRC,Greece,2000,30289
GRC,Greece,2001,29961
GRC,Greece,2002,28516
GRC,Greece,2003,29888
GRC,Greece,2004,28939
GRC,Greece,2005,30391
GRC,Greece,2006,31372
GRC,Greece,2007,31424
GRC,Greece,2008,31765
GRC,Greece,2009,28960
GRC,Greece,2010,27841
GRC,Greece,2011,29000
GRC,Greece,2012,28083
GRC,Greece,2013,30324
GRC,Greece,2014,32062
GRC,Greece,2015,34477
GRC,Greece,2016,35545
GRC,Greece,2017,37262
GRC,Greece,2018,37300
HUN,Hungary,2000,25890
HUN,Hungary,2001,30716
HUN,Hungary,2002,34343
HUN,Hungary,2003,32206
HUN,Hungary,2004,37502
HUN,Hungary,2005,32814
HUN,Hungary,2006,31902
HUN,Hungary,2007,30303
HUN,Hungary,2008,29866
HUN,Hungary,2009,31165
HUN,Hungary,2010,32128
HUN,Hungary,2011,31848
HUN,Hungary,2012,32860
HUN,Hungary,2013,30075
HUN,Hungary,2014,29474
HUN,Hungary,2015,30521
HUN,Hungary,2016,32432
HUN,Hungary,2017,32027
HUN,Hungary,2018,31844
HUN,Hungary,2019,30658
HUN,Hungary,2020,30874
HUN,Hungary,2021,28888
HUN,Hungary,2022,32114
HUN,Hungary,2023,29124
ISL,Iceland,2000,210
ISL,Iceland,2001,157
ISL,Iceland,2002,202
ISL,Iceland,2003,214
ISL,Iceland,2004,192
ISL,Iceland,2005,213
ISL,Iceland,2006,210
ISL,Iceland,2007,209
ISL,Iceland,2008,217
ISL,Iceland,2009,261
ISL,Iceland,2010,218
ISL,Iceland,2011,370
ISL,Iceland,2012,320
ISL,Iceland,2013,217
ISL,Iceland,2014,219
ISL,Iceland,2015,221
ISL,Iceland,2016,226
ISL,Iceland,2017,230
ISL,Iceland,2018,228
ISL,Iceland,2019,227
ISL,Iceland,2020,222
ISL,Iceland,2021,220
ISL,Iceland,2022,220
ISL,Iceland,2023,220
IRL,Ireland,2000,12725
IRL,Ireland,2001,12603
IRL,Ireland,2002,12709
IRL,Ireland,2003,12738
IRL,Ireland,2004,12500
IRL,Ireland,2005,12300
IRL,Ireland,2006,12800
IRL,Ireland,2007,13000
IRL,Ireland,2008,13200
IRL,Ireland,2009,15000
IRL,Ireland,2010,13800
IRL,Ireland,2011,14000
IRL,Ireland,2012,14500
IRL,Ireland,2013,15000
IRL,Ireland,2014,15100
IRL,Ireland,2015,15202
IRL,Ireland,2016,15438
IRL,Ireland,2017,15504
IRL,Ireland,2020,15236
ITA,Italy,2000,100000
ITA,Italy,2001,100000
ITA,Italy,2002,100000
ITA,Italy,2003,100000
ITA,Italy,2004,100000
ITA,Italy,2005,100000
ITA,Italy,2006,95000
ITA,Italy,2007,100000
ITA,Italy,2008,115000
ITA,Italy,2009,120000
ITA,Italy,2010,130000
ITA,Italy,2011,138000
ITA,Italy,2012,140000
ITA,Italy,2013,136000
ITA,Italy,2014,137400
ITA,Italy,2015,137712
ITA,Italy,2016,142265
ITA,Italy,2017,146948
ITA,Italy,2020,142503
LVA,Latvia,2000,3237
LVA,Latvia,2001,3105
LVA,Latvia,2002,3621
LVA,Latvia,2003,3882
LVA,Latvia,2004,4003
LVA,Latvia,2005,4050
LVA,Latvia,2006,4092
LVA,Latvia,2007,4488
LVA,Latvia,2008,4757
LVA,Latvia,2009,4621
LVA,Latvia,2010,4829
LVA,Latvia,2011,4949
LVA,Latvia,2012,4418
LVA,Latvia,2013,4911
LVA,Latvia,2014,4986
LVA,Latvia,2015,4414
LVA,Latvia,2016,4483
LVA,Latvia,2017,4774
LVA,Latvia,2020,5643
LVA,Latvia,2021,5858
LVA,Latvia,2022,5744
LVA,Latvia,2023,5922
LTU,Lithuania,2000,6209
LTU,Lithuania,2001,5449
LTU,Lithuania,2002,6429
LTU,Lithuania,2003,6696
LTU,Lithuania,2004,7868
LTU,Lithuania,2005,8228
LTU,Lithuania,2006,9201
LTU,Lithuania,2007,9234
LTU,Lithuania,2008,9693
LTU,Lithuania,2009,8841
LTU,Lithuania,2010,9025
LTU,Lithuania,2011,9195
LTU,Lithuania,2012,8658
LTU,Lithuania,2013,8813
LTU,Lithuania,2014,9621
LTU,Lithuania,2015,10093
LTU,Lithuania,2016,9148
LTU,Lithuania,2017,9917
LTU,Lithuania,2018,10204
LTU,Lithuania,2019,11562
LTU,Lithuania,2020,9852
LTU,Lithuania,2021,8124
LTU,Lithuania,2022,8897
LTU,Lithuania,2023,9729
LUX,Luxembourg,2000,72
LUX,Luxembourg,2001,84
LUX,Luxembourg,2002,78
LUX,Luxembourg,2003,79
LUX,Luxembourg,2004,73
LUX,Luxembourg,2005,83
LUX,Luxembourg,2006,81
LUX,Luxembourg,2007,82
LUX,Luxembourg,2008,81
LUX,Luxembourg,2009,97
LUX,Luxembourg,2010,90
LUX,Luxembourg,2011,102
LUX,Luxembourg,2012,113
LUX,Luxembourg,2013,111
LUX,Luxembourg,2014,116
LUX,Luxembourg,2015,114
LUX,Luxembourg,2016,114
LUX,Luxembourg,2017,123
LUX,Luxembourg,2018,123
LUX,Luxembourg,2019,132
LUX,Luxembourg,2020,136
LUX,Luxembourg,2021,171
LUX,Luxembourg,2022,186
MLT,Malta,2000,820
MLT,Malta,2001,1559
MLT,Malta,2002,1000
MLT,Malta,2003,1358
MLT,Malta,2004,1000
MLT,Malta,2005,1044
MLT,Malta,2006,1006
MLT,Malta,2007,1114
MLT,Malta,2008,1184
MLT,Malta,2009,1075
MLT,Malta,2010,970
MLT,Malta,2011,920
MLT,Malta,2012,970
MLT,Malta,2013,918
MLT,Malta,2014,1000
MLT,Malta,2015,1035
MLT,Malta,2016,1024
MLT,Malta,2017,1004
MLT,Malta,2020,884
MNE,Montenegro,2006,449
MNE,Montenegro,2007,505
MNE,Montenegro,2008,432
MNE,Montenegro,2009,417
MNE,Montenegro,2010,506
MNE,Montenegro,2011,480
MNE,Montenegro,2012,470
MNE,Montenegro,2013,620
MNE,Montenegro,2014,596
MNE,Montenegro,2015,606
MNE,Montenegro,2016,730
MNE,Montenegro,2017,788
MNE,Montenegro,2018,666
MNE,Montenegro,2019,636
MNE,Montenegro,2020,602
MNE,Montenegro,2021,597
MNE,Montenegro,2022,855
MNE,Montenegro,2023,810
NLD,Netherlands (Kingdom of the),2000,104015
NLD,Netherlands (Kingdom of the),2001,100334
NLD,Netherlands (Kingdom of the),2002,101052
NLD,Netherlands (Kingdom of the),2003,79235
NLD,Netherlands (Kingdom of the),2004,85816
NLD,Netherlands (Kingdom of the),2005,92914
NLD,Netherlands (Kingdom of the),2006,90401
NLD,Netherlands (Kingdom of the),2007,92763
NLD,Netherlands (Kingdom of the),2008,96700
NLD,Netherlands (Kingdom of the),2009,96860
NLD,Netherlands (Kingdom of the),2010,101248
NLD,Netherlands (Kingdom of the),2011,96919
NLD,Netherlands (Kingdom of the),2012,95273
NLD,Netherlands (Kingdom of the),2013,97719
NLD,Netherlands (Kingdom of the),2014,103039
NLD,Netherlands (Kingdom of the),2015,106763
NLD,Netherlands (Kingdom of the),2016,105620
NLD,Netherlands (Kingdom of the),2017,105184
NLD,Netherlands (Kingdom of the),2018,105104
NLD,Netherlands (Kingdom of the),2019,101741
NLD,Netherlands (Kingdom of the),2020,101863
NLD,Netherlands (Kingdom of the),2021,99887
NLD,Netherlands (Kingdom of the),2022,97533
NLD,Netherlands (Kingdom of the),2023,93004
MKD,North Macedonia,2000,3350
MKD,North Macedonia,2001,3350
MKD,North Macedonia,2002,2900
MKD,North Macedonia,2003,2417
MKD,North Macedonia,2004,2725
MKD,North Macedonia,2005,2617
MKD,North Macedonia,2006,2585
MKD,North Macedonia,2007,2264
MKD,North Macedonia,2008,2226
MKD,North Macedonia,2009,2118
MKD,North Macedonia,2010,1995
MKD,North Macedonia,2011,1944
MKD,North Macedonia,2012,1776
MKD,North Macedonia,2013,2202
MKD,North Macedonia,2014,1940
MKD,North Macedonia,2015,1761
MKD,North Macedonia,2016,1866
MKD,North Macedonia,2017,1840
MKD,North Macedonia,2018,1828
MKD,North Macedonia,2019,1562
MKD,North Macedonia,2020,1643
MKD,North Macedonia,2021,1484
MKD,North Macedonia,2022,1562
MKD,North Macedonia,2023,1746
NOR,Norway,2000,8695
NOR,Norway,2001,3222
NOR,Norway,2002,7952
NOR,Norway,2003,8108
NOR,Norway,2004,8040
NOR,Norway,2005,8882
NOR,Norway,2006,10841
NOR,Norway,2007,12606
NOR,Norway,2008,13100
NOR,Norway,2009,13159
NOR,Norway,2010,11854
NOR,Norway,2011,11782
NOR,Norway,2012,14406
NOR,Norway,2013,15975
NOR,Norway,2014,16565
NOR,Norway,2015,14584
NOR,Norway,2016,13919
NOR,Norway,2017,15643
NOR,Norway,2018,15598
NOR,Norway,2019,16096
NOR,Norway,2020,14218
NOR,Norway,2021,16336
NOR,Norway,2022,16131
NOR,Norway,2023,16484
POL,Poland,2000,48274
POL,Poland,2001,50694
POL,Poland,2002,175075
POL,Poland,2003,133395
POL,Poland,2004,119811
POL,Poland,2005,113488
POL,Poland,2006,111653
POL,Poland,2007,123682
POL,Poland,2008,114266
POL,Poland,2009,114540
POL,Poland,2010,153278
POL,Poland,2011,139964
POL,Poland,2012,112477
POL,Poland,2013,117054
POL,Poland,2014,129861
POL,Poland,2015,146123
POL,Poland,2016,169033
POL,Poland,2017,177640
POL,Poland,2018,182200
POL,Poland,2019,183121
POL,Poland,2020,195825
POL,Poland,2021,168629
POL,Poland,2022,176580
POL,Poland,2023,195145
PRT,Portugal,2000,32408
PRT,Portugal,2001,33533
PRT,Portugal,2002,35000
PRT,Portugal,2003,35276
PRT,Portugal,2004,35846
PRT,Portugal,2005,36167
PRT,Portugal,2006,36190
PRT,Portugal,2007,35864
PRT,Portugal,2008,35144
PRT,Portugal,2009,34012
PRT,Portugal,2010,32233
PRT,Portugal,2011,30171
PRT,Portugal,2012,28312
PRT,Portugal,2013,26810
PRT,Portugal,2014,28411
PRT,Portugal,2015,30656
PRT,Portugal,2016,33450
PRT,Portugal,2017,37228
PRT,Portugal,2020,49307
MDA,Republic of Moldova,2000,12535
MDA,Republic of Moldova,2001,13002
MDA,Republic of Moldova,2002,14077
MDA,Republic of Moldova,2003,14900
MDA,Republic of Moldova,2004,15700
MDA,Republic of Moldova,2005,17420
MDA,Republic of Moldova,2006,22100
MDA,Republic of Moldova,2007,22400
MDA,Republic of Moldova,2008,17050
MDA,Republic of Moldova,2009,18220
MDA,Republic of Moldova,2010,22340
MDA,Republic of Moldova,2011,34000
MDA,Republic of Moldova,2012,26520
MDA,Republic of Moldova,2013,32600
MDA,Republic of Moldova,2014,31840
MDA,Republic of Moldova,2015,36840
MDA,Republic of Moldova,2016,36727
MDA,Republic of Moldova,2017,37798
MDA,Republic of Moldova,2018,40000
MDA,Republic of Moldova,2019,41818
MDA,Republic of Moldova,2020,44077
MDA,Republic of Moldova,2021,46587
MDA,Republic of Moldova,2022,48642
MDA,Republic of Moldova,2023,50696
ROU,Romania,2000,69143
ROU,Romania,2001,70076
ROU,Romania,2002,71413
ROU,Romania,2003,77379
ROU,Romania,2004,76616
ROU,Romania,2005,87014
ROU,Romania,2006,86552
ROU,Romania,2007,84991
ROU,Romania,2008,82036
ROU,Romania,2009,84373
ROU,Romania,2010,83843
ROU,Romania,2011,80845
ROU,Romania,2012,79842
ROU,Romania,2013,80136
ROU,Romania,2014,79440
ROU,Romania,2015,75447
ROU,Romania,2016,78648
ROU,Romania,2017,75690
ROU,Romania,2018,73289
ROU,Romania,2019,73993
ROU,Romania,2020,73901
ROU,Romania,2021,77148
ROU,Romania,2022,78268
ROU,Romania,2023,77750
RUS,Russian Federation,2000,340334
RUS,Russian Federation,2001,330427
RUS,Russian Federation,2002,335356
RUS,Russian Federation,2003,337027
RUS,Russian Federation,2004,332662
RUS,Russian Federation,2005,332954
RUS,Russian Federation,2006,347900
RUS,Russian Federation,2007,340834
RUS,Russian Federation,2008,351058
RUS,Russian Federation,2009,366282
RUS,Russian Federation,2010,390534
RUS,Russian Federation,2011,406007
RUS,Russian Federation,2012,427777
RUS,Russian Federation,2013,446789
RUS,Russian Federation,2014,448371
RUS,Russian Federation,2015,475242
RUS,Russian Federation,2016,497978
RUS,Russian Federation,2017,505768
RUS,Russian Federation,2018,507050
RUS,Russian Federation,2019,497395
RUS,Russian Federation,2020,496964
RUS,Russian Federation,2021,472674
RUS,Russian Federation,2022,488236
RUS,Russian Federation,2023,499220
SRB,Serbia,2006,15826
SRB,Serbia,2007,15708
SRB,Serbia,2008,16685
SRB,Serbia,2009,22400
SRB,Serbia,2010,32735
SRB,Serbia,2011,18726
SRB,Serbia,2012,17708
SRB,Serbia,2013,17305
SRB,Serbia,2014,16599
SRB,Serbia,2015,16919
SRB,Serbia,2016,15708
SRB,Serbia,2017,16338
SRB,Serbia,2018,15685
SRB,Serbia,2019,15417
SRB,Serbia,2020,14927
SRB,Serbia,2021,15122
SRB,Serbia,2022,14624
SRB,Serbia,2023,13913
SCG,Serbia and Montenegro,2000,18948
SCG,Serbia and Montenegro,2001,17911
SCG,Serbia and Montenegro,2002,17452
SCG,Serbia and Montenegro,2003,16344
SCG,Serbia and Montenegro,2004,15000
SCG,Serbia and Montenegro,2005,14816
SVK,Slovakia,2000,11758
SVK,Slovakia,2001,13083
SVK,Slovakia,2002,14949
SVK,Slovakia,2003,13388
SVK,Slovakia,2004,13767
SVK,Slovakia,2005,13262
SVK,Slovakia,2006,13619
SVK,Slovakia,2007,12602
SVK,Slovakia,2008,12444
SVK,Slovakia,2009,10879
SVK,Slovakia,2010,13249
SVK,Slovakia,2011,12664
SVK,Slovakia,2012,11054
SVK,Slovakia,2013,11521
SVK,Slovakia,2014,10605
SVK,Slovakia,2015,12181
SVK,Slovakia,2016,12513
SVK,Slovakia,2017,11806
SVK,Slovakia,2018,13030
SVK,Slovakia,2019,12853
SVK,Slovakia,2020,13153
SVK,Slovakia,2021,10136
SVK,Slovakia,2022,9096
SVK,Slovakia,2023,9404
SVN,Slovenia,2000,4256
SVN,Slovenia,2001,2760
SVN,Slovenia,2002,2880
SVN,Slovenia,2003,2920
SVN,Slovenia,2004,2524
SVN,Slovenia,2005,1754
SVN,Slovenia,2006,1598
SVN,Slovenia,2007,1567
SVN,Slovenia,2008,2837
SVN,Slovenia,2009,2393
SVN,Slovenia,2010,2945
SVN,Slovenia,2011,2529
SVN,Slovenia,2012,2155
SVN,Slovenia,2013,3172
SVN,Slovenia,2014,2827
SVN,Slovenia,2015,3281
SVN,Slovenia,2016,3479
SVN,Slovenia,2017,3639
SVN,Slovenia,2018,3866
SVN,Slovenia,2019,4028
SVN,Slovenia,2020,5770
SVN,Slovenia,2021,4671
SVN,Slovenia,2022,5023
SVN,Slovenia,2023,4059
ESP,Spain,2000,171283
ESP,Spain,2001,172039
ESP,Spain,2002,175433
ESP,Spain,2003,173794
ESP,Spain,2004,173670
ESP,Spain,2005,173741
ESP,Spain,2006,173894
ESP,Spain,2007,174215
ESP,Spain,2008,174792
ESP,Spain,2009,180000
ESP,Spain,2010,178329
ESP,Spain,2011,178335
ESP,Spain,2012,180161
ESP,Spain,2013,182760
ESP,Spain,2014,183156
ESP,Spain,2015,184311
ESP,Spain,2016,182200
ESP,Spain,2017,187784
ESP,Spain,2020,193476
SWE,Sweden,2000,14756
SWE,Sweden,2001,16210
SWE,Sweden,2002,17307
SWE,Sweden,2003,18416
SWE,Sweden,2004,19524
SWE,Sweden,2005,24775
SWE,Sweden,2006,21310
SWE,Sweden,2007,21916
SWE,Sweden,2008,22494
SWE,Sweden,2009,23078
SWE,Sweden,2010,22344
SWE,Sweden,2011,24667
SWE,Sweden,2012,25757
SWE,Sweden,2013,27027
SWE,Sweden,2014,26375
SWE,Sweden,2015,28958
SWE,Sweden,2016,29761
SWE,Sweden,2017,30559
SWE,Sweden,2018,31756
SWE,Sweden,2019,33900
CHE,Switzerland,2000,6790
CHE,Switzerland,2001,6808
CHE,Switzerland,2002,7206
CHE,Switzerland,2003,7445
CHE,Switzerland,2004,7913
CHE,Switzerland,2005,8116
CHE,Switzerland,2006,7517
CHE,Switzerland,2007,8101
CHE,Switzerland,2008,8474
CHE,Switzerland,2009,8741
CHE,Switzerland,2010,8944
CHE,Switzerland,2011,9391
CHE,Switzerland,2012,9878
CHE,Switzerland,2013,10003
CHE,Switzerland,2014,10644
CHE,Switzerland,2015,10753
CHE,Switzerland,2016,10893
CHE,Switzerland,2017,11409
CHE,Switzerland,2018,11535
CHE,Switzerland,2019,11829
CHE,Switzerland,2020,12429
CHE,Switzerland,2021,12568
CHE,Switzerland,2022,13109
CHE,Switzerland,2023,13152
UKR,Ukraine,2000,105612
UKR,Ukraine,2001,103772
UKR,Ukraine,2002,115609
UKR,Ukraine,2003,125146
UKR,Ukraine,2004,122100
UKR,Ukraine,2005,131976
UKR,Ukraine,2006,142600
UKR,Ukraine,2007,145600
UKR,Ukraine,2008,148800
UKR,Ukraine,2009,158800
UKR,Ukraine,2010,172600
UKR,Ukraine,2011,183600
UKR,Ukraine,2012,181124
UKR,Ukraine,2013,195256
UKR,Ukraine,2014,201008
UKR,Ukraine,2015,193885
UKR,Ukraine,2016,186354
UKR,Ukraine,2017,184336
UKR,Ukraine,2018,186737
UKR,Ukraine,2019,191968
UKR,Ukraine,2020,202511
UKR,Ukraine,2021,183543
UKR,Ukraine,2022,186623
UKR,Ukraine,2023,165468
GBR,United Kingdom of Great Britain and Northern Ireland,2000,154504
GBR,United Kingdom of Great Britain and Northern Ireland,2001,163876
GBR,United Kingdom of Great Britain and Northern Ireland,2002,155005
GBR,United Kingdom of Great Britain and Northern Ireland,2003,165324
GBR,United Kingdom of Great Britain and Northern Ireland,2004,165931
GBR,United Kingdom of Great Britain and Northern Ireland,2005,160528
GBR,United Kingdom of Great Britain and Northern Ireland,2006,158202
GBR,United Kingdom of Great Britain and Northern Ireland,2007,157513
GBR,United Kingdom of Great Britain and Northern Ireland,2008,154180
GBR,United Kingdom of Great Britain and Northern Ireland,2009,159288
GBR,United Kingdom of Great Britain and Northern Ireland,2010,152000
GBR,United Kingdom of Great Britain and Northern Ireland,2011,151000
GBR,United Kingdom of Great Britain and Northern Ireland,2012,149000
GBR,United Kingdom of Great Britain and Northern Ireland,2013,152000
GBR,United Kingdom of Great Britain and Northern Ireland,2014,159000
GBR,United Kingdom of Great Britain and Northern Ireland,2015,157000
GBR,United Kingdom of Great Britain and Northern Ireland,2016,161000
GBR,United Kingdom of Great Britain and Northern Ireland,2017,171000
GBR,United Kingdom of Great Britain and Northern Ireland,2018,178000
GBR,United Kingdom of Great Britain and Northern Ireland,2019,176000
GBR,United Kingdom of Great Britain and Northern Ireland,2020,172000
GBR,United Kingdom of Great Britain and Northern Ireland,2021,180000
GBR,United Kingdom of Great Britain and Northern Ireland,2022,174193
GBR,United Kingdom of Great Britain and Northern Ireland,2023,170233
